{"number_episodes": 3, "episode_rewards": [835.8999999999733, 903.9999999999851, 847.2999999999836], "mean_all_episodes": 862.3999999999805, "std_all_episodes": 29.781537905222837}