{"number_episodes": 9, "episode_rewards": [835.8999999999733, 903.9999999999851, 847.2999999999836, 792.199999999964, 866.0999999999806, 843.5999999999774, 788.6999999999579, 824.3999999999663, 839.8999999999686], "mean_all_episodes": 838.0111111110841, "std_all_episodes": 33.30760488552733}