{"number_episodes": 6, "episode_rewards": [835.8999999999733, 903.9999999999851, 847.2999999999836, 792.199999999964, 866.0999999999806, 843.5999999999774], "mean_all_episodes": 848.1833333333107, "std_all_episodes": 33.52438996048473}