{"number_episodes": 1, "episode_rewards": [536.7999999999445], "mean_all_episodes": 536.7999999999445, "std_all_episodes": 0.0}