{"number_episodes": 2, "episode_rewards": [536.7999999999445, 521.0999999999616], "mean_all_episodes": 528.949999999953, "std_all_episodes": 7.849999999991439}