{"number_episodes": 1, "episode_rewards": [506.89999999995024], "mean_all_episodes": 506.89999999995024, "std_all_episodes": 0.0}